	 1.561s, stat OK result for 1 ;
	 1.561s, stat OK result for 2 ;
	 1.561s, stat OK result for 3 ;
	 1.561s, stat OK result for 4 ;
	 1.561s, stat OK result for 5 ;
	 1.561s, stat OK result for 6 ;
	 1.561s, stat OK result for 7 ;
	 1.561s, stat OK result for 8 ;
	 1.561s, stat OK result for 9 ;
	 1.561s, stat OK result for 10 ;
	 1.561s, stat OK result for 11 ;
	 1.561s, stat OK result for 12 ;
	 1.561s, stat OK result for 13 ;
	 1.561s, stat OK result for 14 ;
	 1.561s, stat OK result for 15 ;
	 1.561s, stat OK result for 16 ;
	 1.561s, stat OK result for 17 ;
	 1.561s, stat OK result for 18 ;
	 1.561s, stat OK result for 19 ;
	 1.561s, stat OK result for 20 ;
	 1.561s, stat OK result for 21 ;
	 1.561s, stat OK result for 22 ;
	 1.561s, stat OK result for 23 ;
	 1.561s, stat OK result for 24 ;
	 1.561s, stat OK result for 25 ;
	 1.561s, stat OK result for 26 ;
	 1.561s, stat OK result for 27 ;
	 1.561s, stat OK result for 28 ;
	 1.561s, stat OK result for 29 ;
	 1.561s, stat OK result for 30 ;
	 1.561s, stat OK result for 31 ;
	 1.561s, stat OK result for 32 ;
	 1.561s, stat OK result for 33 ;
	 1.561s, stat OK result for 34 ;
	 1.561s, stat OK result for 35 ;
	 1.561s, stat OK result for 36 ;
	 1.561s, stat OK result for 37 ;
	 1.561s, stat OK result for 38 ;
	 1.561s, stat OK result for 39 ;
	 1.561s, stat OK result for 40 ;
	 1.561s, stat OK result for 41 ;
	 1.561s, stat OK result for 42 ;
	 1.561s, stat OK result for 43 ;
	 1.561s, stat OK result for 44 ;
	 1.561s, stat OK result for 45 ;
	 1.561s, stat OK result for 46 ;
	 1.561s, stat OK result for 47 ;
